Carbon Category,value
Beef,1715.348608
Beer,5.743344744
Butter,42.45603691
Cheese,205.4720307
Eggs,125.6878116
Fish,145.4282323
Fruits,37.9106194
Lamb,116.6713408
Pork,266.2232777
Poultry,393.8078816
Shellfish,15.29532306
Tofu,22.02451336
Vegetables,150.7758242
Wheat,116.7070199
Wine,3.753843431