Carbon Category,value
Beef,19523.22174
Beer,238.1038715
Butter,1281.944776
Cheese,6204.154123
Eggs,1959.151072
Fish,1549.827798
Fruits,549.2762417
Lamb,1512.865218
Pork,1815.988167
Poultry,3656.363966
Shellfish,133.766846
Tofu,311.7236814
Vegetables,1318.078004
Wheat,453.2699682
Wine,243.3559908