Carbon Category,value
Beef,5609.416619
Beer,41.886412
Butter,347.8193577
Cheese,1749.593755
Eggs,672.5271228
Fish,1049.612459
Fruits,228.6511446
Lamb,339.0964528
Pork,1245.022621
Poultry,1505.486884
Shellfish,1088.047513
Tofu,93.198
Vegetables,1025.412869
Wheat,363.0893426
Wine,38.829198